KSP+LB,KSP+AD
1.2425666666666668,1.3888500000000001
